<?xml version="1.0" encoding="windows-1252" ?>
<!DOCTYPE Association SYSTEM "jbo_03_01.dtd">
<!---->
<Association
  xmlns="http://xmlns.oracle.com/bc4j"
  Name="EmpEOToDeptEOAssoc"
  Version="11.1.2.61.83">
  <DesignTime>
    <Attr Name="_isCodegen" Value="true"/>
  </DesignTime>
  <AssociationEnd
    Name="EmpEO"
    Cardinality="-1"
    Source="true"
    Owner="com.empdirectory.model.entity.EmpEO"
    LockLevel="NONE">
    <DesignTime>
      <Attr Name="_aggregation" Value="0"/>
      <Attr Name="_finderName" Value="EmpEO"/>
      <Attr Name="_isUpdateable" Value="true"/>
    </DesignTime>
    <AttrArray Name="Attributes">
      <Item Value="com.empdirectory.model.entity.EmpEO.Deptno"/>
    </AttrArray>
  </AssociationEnd>
  <AssociationEnd
    Name="DeptEO"
    Cardinality="1"
    Owner="com.empdirectory.model.entity.DeptEO">
    <DesignTime>
      <Attr Name="_aggregation" Value="0"/>
      <Attr Name="_finderName" Value="DeptEO"/>
      <Attr Name="_isUpdateable" Value="true"/>
      <Attr Name="_minCardinality" Value="1"/>
    </DesignTime>
    <AttrArray Name="Attributes">
      <Item Value="com.empdirectory.model.entity.DeptEO.Deptno"/>
    </AttrArray>
  </AssociationEnd>
</Association>
