<?xml version="1.0" encoding="windows-1252" ?>
<!DOCTYPE Entity SYSTEM "jbo_03_01.dtd">
<!---->
<Entity
  xmlns="http://xmlns.oracle.com/bc4j"
  Name="EmpEO"
  Version="11.1.2.61.83"
  DBObjectType="table"
  DBObjectName="EMP"
  AliasName="EmpEO"
  BindingStyle="OracleName"
  UseGlueCode="false"
  xmlns:validation="http://xmlns.oracle.com/adfm/validation"
  RowClass="com.empdirectory.model.entity.EmpEOImpl"
  DefClass="com.empdirectory.model.entity.EmpEODefImpl"
  CollClass="com.empdirectory.model.entity.EmpEOCollImpl">
  <DesignTime>
    <Attr Name="_codeGenFlag2" Value="Init|Delete|Access|DML|Def|Coll|VarAccess"/>
    <Attr Name="_isCodegen" Value="true"/>
  </DesignTime>
  <Attribute
    Name="Empno"
    IsNotNull="true"
    Precision="4"
    Scale="0"
    ColumnName="EMPNO"
    SQLType="NUMERIC"
    Type="java.lang.Integer"
    ColumnType="NUMBER"
    TableName="EMP"
    PrimaryKey="true"/>
  <Attribute
    Name="Ename"
    Precision="10"
    ColumnName="ENAME"
    SQLType="VARCHAR"
    Type="java.lang.String"
    ColumnType="VARCHAR2"
    TableName="EMP">
    <DesignTime>
      <Attr Name="_DisplaySize" Value="10"/>
    </DesignTime>
  </Attribute>
  <Attribute
    Name="Job"
    Precision="9"
    ColumnName="JOB"
    SQLType="VARCHAR"
    Type="java.lang.String"
    ColumnType="VARCHAR2"
    TableName="EMP">
    <DesignTime>
      <Attr Name="_DisplaySize" Value="9"/>
    </DesignTime>
  </Attribute>
  <Attribute
    Name="Mgr"
    Precision="4"
    Scale="0"
    ColumnName="MGR"
    SQLType="NUMERIC"
    Type="java.lang.Integer"
    ColumnType="NUMBER"
    TableName="EMP"/>
  <Attribute
    Name="Hiredate"
    ColumnName="HIREDATE"
    SQLType="DATE"
    Type="oracle.jbo.domain.Timestamp"
    ColumnType="DATE"
    TableName="EMP"
    />
  <Attribute
    Name="Sal"
    Precision="7"
    Scale="2"
    ColumnName="SAL"
    SQLType="NUMERIC"
    Type="java.math.BigDecimal"
    ColumnType="NUMBER"
    TableName="EMP"/>
  <Attribute
    Name="Comm"
    Precision="7"
    Scale="2"
    ColumnName="COMM"
    SQLType="NUMERIC"
    Type="java.math.BigDecimal"
    ColumnType="NUMBER"
    TableName="EMP"/>
  <Attribute
    Name="Deptno"
    Precision="2"
    Scale="0"
    ColumnName="DEPTNO"
    SQLType="NUMERIC"
    Type="java.lang.Integer"
    ColumnType="NUMBER"
    TableName="EMP"/>
  <Attribute
    Name="Rowid"
    IsUpdateable="false"
    ColumnName="ROWID"
    SQLType="ROWID"
    Type="oracle.jbo.domain.RowID"
    ColumnType="ROWID"
    TableName="EMP"
    PrimaryKey="true"/>
  <AccessorAttribute
    Name="DeptEO"
    Association="com.empdirectory.model.association.EmpEOToDeptEOAssoc"
    AssociationEnd="com.empdirectory.model.association.EmpEOToDeptEOAssoc.DeptEO"
    AssociationOtherEnd="com.empdirectory.model.association.EmpEOToDeptEOAssoc.EmpEO"
    Type="oracle.jbo.server.EntityImpl"
    IsUpdateable="true"/>
  <Key
    Name="EmpeoPrimaryKey"
    PrimaryKey="true">
    <DesignTime>
      <Attr Name="_DBObjectName" Value="EMPEO_PRIMARY_KEY"/>
    </DesignTime>
    <AttrArray Name="Attributes">
      <Item Value="com.empdirectory.model.entity.EmpEO.Empno"/>
      <Item Value="com.empdirectory.model.entity.EmpEO.Rowid"/>
    </AttrArray>
  </Key>
  <ResourceBundle>
    <PropertiesBundle
      PropertiesFile="com.empdirectory.model.ModelBundle"/>
  </ResourceBundle>
</Entity>
