<?xml version="1.0" encoding="windows-1252" ?>
<adfc-config xmlns="http://xmlns.oracle.com/adf/controller" version="1.2">
  <managed-bean id="__1">
    <managed-bean-name>backing_dept</managed-bean-name>
    <managed-bean-class>com.empdirectory.view.backing.Dept</managed-bean-class>
    <managed-bean-scope>backingBean</managed-bean-scope>
    <!--oracle-jdev-comment:managed-bean-jsp-link:1dept.jspx-->
  </managed-bean>
  <managed-bean id="__2">
    <managed-bean-name>backing_employee</managed-bean-name>
    <managed-bean-class>com.empdirectory.view.backing.Employee</managed-bean-class>
    <managed-bean-scope>backingBean</managed-bean-scope>
    <!--oracle-jdev-comment:managed-bean-jsp-link:1employee.jspx-->
  </managed-bean>
</adfc-config>
